{
    "propertyDefaults":{
        "item":"Property Defaults",
        "hotelContactInformation":"Hotel Contact Information",
        "loginLink":"Log into PIM to edit these values",
        "hotelName":"Hotel Name",
        "propertyCode":"Property Code",
        "address":{
            "item":"ADDRESS",
            "addressLine1":"Address (Line 1)",
            "addressLine2":"Address (Line 2)",
            "city":"City",
            "stateOrProvince":"State/Province",
            "country":"Country",
            "postalCode":"Postal Code",
            "hotelFax":"Hotel Fax",
            "emailAddress":"Email Address",
            "hotelBrand":"Hotel Brand",
            "linkedProperties":{
                "item":"Linked Properties",
                "selectHeader":"Select",
                "activeHeader":"Active",
                "propertyCodeHeader":"Property Code",
                "propertyNameHeader":"Propert Name",
                "addNewItemLink":"Add New Item",
                "deleteItemLink":"Delete Item",
                "currBusDate":"Current Business Date"                
            }
        },
        "preferences":{
            "item":"PREFERENCES",
            "noShowDays":"Number of No Show Days",
            "arKEepOrigTransferDateFlag":"Use Original A/R Transfer Data?",
            "localMarkerReqFlag":"Use Local Tracking?"
        },
        "localInfo":{
            "item":"LOCAL INFO",
            "selectHeader":"Select",
            "fieldNameHeader":"Field Name",
            "UICaptionHeader":"UI Caption",
            "reportHeader":"Report",
            "additionalSettingsHeader":"Additional Settings",
            "editDisplayLink":"Edit Display",
            "addNewItemLink":"Add New Item",
            "editItemLink":"Edit Item",
            "deleteItemLink":"Delete Item",
            "phoneNumberReqFlag":"Phone Number",
            "ctCompNameReqFlag":"Company Flag",
            "showNonrmChargesFlag":"Show Autoposted, Non-Room Charges Screen",
            "trackCheckoutByTypeFlag":"Track checkouts by Type?",
            "traceFollowupTime":"Select default follow-up time for Trace"
        },
        "frontDesk":{
            "item":"FRONT DESK",
            "useShiftFlag":"Use Shifts (instead of Operators)?",
            "blindDropFlag":"Use 'Blind Drop' option for cash deposits?",
            "expandCollapseToggle":"expand/collapse"
        },
        "Notifications":{
            "item":"NOTIFICATIONS",
            "selectHeader":"Select",
            "activeHeader":"Active",
            "notificationsHeader":"Notifications",
            "messageHeader":"Message",
            "newItemLink":"Add New Item",
            "editItemLink":"Edit Item",
            "deleteItemLink":"Delete Item",
            "saveLink":"Save",
            "closeLink":"Close"
        }
        
    }
    

}