[ {
  "name": "GENERAL SETUP",
  "url": "/generalsetup",
  "class":"active"
}, {
  "name": "ROOMS",
  "url": "/rooms",
  "class":""
}, {
  "name": "HOUSEKEEPING",
  "url": "/housekeeping",
  "class":""
}, {
  "name": "POSTING",
  "url": "/posting",
  "class":""
}, {
  "name": "ACCOUNTS RECEIVABLE",
  "url": "/accountsreceivable",
  "class":""
}, {
  "name": "REPORTS",
  "url": "/reports",
  "class":""
}, {
  "name": "USER SETUP",
  "url": "/usersetup",
  "class":""
}]
