[
  {
    "name": "general setup",
    "url": "/general-setup",
    "subNav": [
      {
        "name": "property defaults",
        "url": "/property-defaults",
        "sections": [
          {
            "name": "preferences"
          }, {
            "name": "local info"
          }, {
            "name": "front desk"
          }, {
            "name": "front desk notification"
          }
        ]
      }, {
        "name": "reservations",
        "url": "/reservations",
        "sections": [
          {
            "name": "rate plan group"
          }, {
            "name": "group settings"
          }
        ]
      }, {
        "name": "receipt setup",
        "url": "/receipt-setup",
        "sections": [
          {
            "name": "printing options"
          }, {
            "name": "official reports"
          }, {
            "name": "information bills"
          }, {
            "name": "duplicate"
          }, {
            "name": "printer settings"
          }
        ]
      }, {
        "name": "guest receipt messages",
        "url": "/guest-receipt-messages",
        "sections": []
      }, {
        "name": "request codes",
        "url": "/request-codes",
        "sections": []
      }, {
        "name": "currency",
        "url": "/currency",
        "sections": []
      }
    ]
  }, {
    "name": "rooms",
    "url": "/rooms",
    "subNav": [
      {
        "name": "lounge",
        "url": "/lounge",
        "sections": [
          {
            "name": "bill desk"
          }
        ]
      }
    ]
  }, {
    "name": "housekeeping",
    "url": "/housekeeping",
    "subNav": [
      {
        "name": "maintenance",
        "url": "/maintenance",
        "sections": [
          {
            "name": "service team"
          }
        ]
      }
    ]
  }, {
    "name": "posting",
    "url": "/posting",
    "subNav": [
      {
        "name": "management",
        "url": "/management",
        "sections": [
          {
            "name": "levels"
          }
        ]
      }
    ]
  }, {
    "name": "accounts receivable",
    "url": "/accounts-receivable",
    "subNav": [
      {
        "name": "accounts",
        "url": "/accounts",
        "sections": [
          {
            "name": "type of accounts"
          }
        ]
      }
    ]
  }, {
    "name": "reports",
    "url": "/reports",
    "subNav": [
      {
        "name": "reports",
        "url": "/reports",
        "sections": [
          {
            "name": "type of reports"
          }
        ]
      }
    ]
  }, {
    "name": "user setup",
    "url": "/user-setup",
    "subNav": [
      {
        "name": "users",
        "url": "/users",
        "sections": [
          {
            "name": "type of users"
          }
        ]
      }
    ]
  }
]
