{
  "mainMenu": [
    {
      "name": "GENERAL SETUP",
      "url": "/generalsetup",
      "class": "active",
      "eventkey": "1",
       "sideMenu": [
    {
      "name": "PROPERTY DEFAULTS",
      "eventKey": "sm1",
      "subCategories": [
        {
          "name": "preferences",
          "eventKey": "p1"
        }, {
          "name": "local info",
          "eventKey": "p2"
        }, {
          "name": "front desk",
          "eventKey": "p3"
        }, {
          "name": "front desk notification",
          "eventKey": "p4"
        }
      ]
    }, {
      "name": "RESERVATIONS",
      "eventKey": "sm2",
      "subCategories": [
        {
          "name": "rate plan group",
          "eventKey": "r1"
        }, {
          "name": "group settings",
          "eventKey": "r2"
        }
      ]
    }, {
      "name": "RECEIPT SETUP",
      "eventKey": "sm3",
      "subCategories": [
        {
          "name": "printing options",
          "eventKey": "rs1"
        }, {
          "name": "official reports",
          "eventKey": "rs2"
        }, {
          "name": "information bills",
          "eventKey": "rs3"
        }, {
          "name": "duplicate",
          "eventKey": "rs4"
        }, {
          "name": "printer settings",
          "eventKey": "rs5"
        }
      ]
    }, {
      "name": "GUEST RECEIPT MESSAGES",
      "eventKey": "sm4",
      "subCategories": []
    }, {
      "name": "REQUEST CODES",
      "eventKey": "sm5",
      "subCategories": []
    }, {
      "name": "CURRENCY",
      "eventKey": "sm6",
      "subCategories": []
    }
  ]

    }, {
      "name": "ROOMS",
      "url": "/rooms",
      "class": "",
      "eventkey": "2"
    }, {
      "name": "HOUSEKEEPING",
      "url": "/housekeeping",
      "class": "",
      "eventkey": "3"
    }, {
      "name": "POSTING",
      "url": "/posting",
      "class": "",
      "eventkey": "4"
    }, {
      "name": "ACCOUNTS RECEIVABLE",
      "url": "/accountsreceivable",
      "class": "",
      "eventkey": "5"
    }, {
      "name": "REPORTS",
      "url": "/reports",
      "class": "",
      "eventkey": "6"
    }, {
      "name": "USER SETUP",
      "url": "/usersetup",
      "class": "",
      "eventkey": "7"
    }
  ]
 }
