[ {
  "name": "GENERAL SETUP",
  "url": "/generalsetup",
  "class":"active",
  "eventkey":"1"
}, {
  "name": "ROOMS",
  "url": "/rooms",
  "class":"",
  "eventkey":"2"
}, {
  "name": "HOUSEKEEPING",
  "url": "/housekeeping",
  "class":"",
  "eventkey":"3"
}, {
  "name": "POSTING",
  "url": "/posting",
  "class":"",
  "eventkey":"4"
}, {
  "name": "ACCOUNTS RECEIVABLE",
  "url": "/accountsreceivable",
  "class":"",
  "eventkey":"5"
}, {
  "name": "REPORTS",
  "url": "/reports",
  "class":"",
  "eventkey":"6"
}, {
  "name": "USER SETUP",
  "url": "/usersetup",
  "class":"",
  "eventkey":"7"
}]
